,Sklearn_RandomForest_EXP1,Rfpimp_EXP1,R_randomForest_EXP1,R_Ranger_EXP1,RandomForestSRC_EXP1,Party_cforest_EXP1,Partykit_EXP1,Sklearn_RandomForest_EXP2,Rfpimp_EXP2,R_randomForest_EXP2,R_Ranger_EXP2,RandomForestSRC_EXP2,Party_cforest_EXP2,Partykit_EXP2,Sklearn_RandomForest_EXP3,Rfpimp_EXP3,R_randomForest_EXP3,R_Ranger_EXP3,RandomForestSRC_EXP3,Party_cforest_EXP3,Partykit_EXP3,Sklearn_RandomForest_EXP4,Rfpimp_EXP4,R_randomForest_EXP4,R_Ranger_EXP4,RandomForestSRC_EXP4,Party_cforest_EXP4,Partykit_EXP4
price,0.38860669851103674,0.19411573999027387,3927.8545954424594,1580.5668421252933,0.26320255498057804,0.08606721362626873,0.9792589240227578,0.36373056831646383,0.1319500729453721,3621.3195330844246,1281.0639909748377,0.18656217007532783,0.06030359306860901,0.5072920132265399,0.09619785645826257,0.029704976495380064,1192.4153280648109,379.1338296910116,0.07032068701344228,0.08939802445481491,0.0,0.3735485366941061,0.16384341060139407,3912.591283215901,1613.933818260484,0.21847445839777288,0.083575030144209,0.6241872413730776
longitude,0.23612719705125532,0.06943994164370237,2683.5832382440976,447.1402812691842,0.08728982263218484,0.02315804929978158,0.3429465487855991,0.14040289093844954,0.031022045712433166,2184.9599281086007,270.5257114176695,0.043856162169470525,0.013757570600155361,0.08792092097612822,0.2455960019581642,0.07922677905657316,3564.799038982108,460.88628158432687,0.08756170023667019,0.026494584086389533,0.37385276111343685,0.18526250470943526,0.04625952342356954,2719.758258732204,404.47412151809516,0.05439528275852778,0.02202128580081336,0.14416032421893238
latitude,0.23591470451500143,0.060423083157724045,2634.2798793180773,461.3980459962755,0.07439815833727743,0.015338362424976597,0.22519992215609524,0.1447634673093988,0.03043443021559411,2244.8145208427745,272.5080154821567,0.03612235418576943,0.00819574776755749,0.07133614270693255,0.24686507364288618,0.06830523585670278,3493.428123101112,460.3082368250558,0.07185057321346033,0.017107065466064837,0.2656223188534658,0.19052949546472908,0.04407116226292762,2769.701092362876,393.8778196339484,0.04518378943076161,0.015411472666815754,0.11649225757730135
bedrooms,0.1234894621657587,0.12957934835467655,1028.996863459556,671.3549951474231,0.15274605709336858,0.07090138208248443,0.6378972734759901,0.14083381869110034,0.08267142162425034,981.7053865329397,464.7663165991715,0.10428467320880781,0.04497467782429063,0.34150742603330825,0.11346200991407736,0.14398605932890252,1064.7462439546816,738.4153400595239,0.15151490843069346,0.07319974290917082,0.6990783199213638,0.13422742094459406,0.1086886043118821,1033.952911311058,562.7677992019611,0.11963110645368953,0.06880858174446476,0.4852971092213206
bathrooms,0.01586193775694773,0.0053290646782298,174.228114863826,99.9695216438589,0.008572823159815581,0.009276288016445497,0.4751529106446157,0.028474578404802817,0.0061598314151402045,224.30635666858964,135.182254066194,0.010673778794921452,0.005831222203969001,0.28959844941505736,0.015428993075613158,0.005916680175068856,218.63931569463836,27.55496773335787,0.00928537841494312,0.010043889634162088,0.4984511801862083,0.019118417816432056,0.006099043605122478,212.05504974687304,108.84304012260935,0.010042395035469295,0.007423959617435436,0.29783771925461616
random_normal,,,,,,,,0.061760372985148304,0.008976333279299809,1746.6514541964227,-1.201050735885657,-0.0003350988192535089,0.00011331155991792356,0.015264214965999194,,,,,,,,,,,,,,
random_uniform,,,,,,,,0.0592754806269822,0.007193224185443325,1747.535231235943,-2.040595892448028,-0.000708637403921362,-6.780490934847582e-05,0.010028044694908658,,,,,,,,,,,,,,
random_int,,,,,,,,0.05283548655671975,0.007922677905657372,1484.2461505149129,0.038287973366501575,-0.0003719110111901486,8.32771705420897e-05,0.01003653130595299,,,,,,,,,,,,,,
random_binary,,,,,,,,0.007923336170934513,0.0013170692170529907,167.75344434396325,-2.1008038739351753,-2.5365481530712868e-05,0.000323097219043082,0.0005748934826572508,,,,,,,,,,,,,,
price1,,,,,,,,,,,,,,,0.09650015844219823,0.028387907278327074,1164.1041276761844,344.43593057823495,0.057783842711468275,0.0,0.0,,,,,,,
price3,,,,,,,,,,,,,,,0.09299133595163417,0.02713162587129192,1263.7941431348506,319.8389368773307,0.06431918624036709,0.0,1.0336503995157056,,,,,,,
price2,,,,,,,,,,,,,,,0.0929585705571641,0.0234438320635435,1204.161680932511,292.50531845732485,0.05842041471532311,0.0,0.0,,,,,,,
random,,,,,,,,,,,,,,,,,,,,,,0.09731362437070355,0.01221834981358405,2491.222490234513,-0.43952105440154976,-0.000418949311150163,-0.00026407787937596407,0.012495283377408213
